{"best_mean_auroc": 0.7796398818010789, "lr": 0.009999999776482582}