{"best_mean_auroc": 0.7840357305048629, "lr": 0.0009999999310821295}