{"best_mean_auroc": 0.7893382342706021, "lr": 9.99999883788405e-07}