{"best_mean_auroc": 0.7803065376314133, "lr": 0.009999999776482582}